Sample.Assay,rs10264272,rs1042713,rs1045642,rs10509681,rs1057910,rs1058930,rs1061235,rs1065852,rs1079598,rs11195419,rs1124493,rs1128503,rs1135840,rs1142345,rs11572103,rs116855232,rs11964968,rs12248560,rs12708954,rs12769205,rs12777823,rs12979860,rs1414334,rs144012689,rs16947,rs17110453,rs17179220,rs17884712,rs1799732,rs1799853,rs1799971,rs1800460,rs1800462,rs1800497,rs1800544,rs1800584,rs1902023,rs2032582,rs2069514,rs2108622,rs2231142,rs2242592,rs2279343,rs2306283,rs2395029,rs2550948,rs267606617,rs267606618,rs267606619,rs267608319,rs2734583,rs2734841,rs2740574,rs28371685,rs28371686,rs28371706,rs28371725,rs28386840,rs28399499,rs28399504,rs3099844,rs3211371,rs34223104,rs35599367,rs35742686,rs36060847,rs3745274,rs3785143,rs3813929,rs3892097,rs3909184,rs3918290,rs3957357,rs41291556,rs41303343,rs4149056,rs4244285,rs429358,rs4680,rs4986893,rs5030655,rs5030656,rs5030867,rs553668,rs55886062,rs56038477,rs56337013,rs58912740,rs59421388,rs6280,rs6295,rs6311,rs6313,rs6314,rs6413438,rs67376798,rs67666821,rs71647871,rs72552267,rs7412,rs75017182,rs762551,rs769258,rs776746,rs7900194,rs79292917,rs7997012,rs9263726,rs9332131,rs9923231,X...113,X...2
110_14,C/C,G/G,A/G,T/T,A/A,G/G,A/A,G/G,A/A,C/C,T/T,A/G,G/G,T/T,T/T,C/C,T/T,C/C,A/C,G/A,A/G,C/T,G/G,T/T,A/A,A/A,G/G,G/G,G/G,C/C,A/A,C/C,C/C,G/G,C/C,C/C,A/C,C/C,G/G,C/T,G/G,G/G,G/A,A/A,T/T,C/T,A/A,T/T,C/C,C/C,A/A,A/A,T/T,C/C,C/C,G/G,C/T,T/A,T/T,A/A,C/C,C/C,T/T,G/G,T/T,G/G,G/T,C/C,C/T,C/C,C/G,C/C,UND,T/T,-/-,C/T,A/G,T/T,A/A,G/G,A/A,CTT/CTT,T/T,G/G,A/A,C/C,C/C,UND,C/C,C/C,C/C,C/T,A/G,G/G,C/C,T/T,-/-,C/C,G/G,C/C,G/G,A/A,C/C,C/C,G/G,C/C,G/G,G/A,A/A,T/T,,
1116_15,C/C,G/G,A/G,T/T,A/A,G/G,A/A,G/G,A/A,A/C,T/G,A/A,C/C,T/T,T/T,C/C,T/T,C/C,C/C,A/A,G/G,C/C,G/G,T/T,G/G,A/A,G/G,G/G,G/G,C/C,A/A,C/C,C/C,G/G,C/G,C/C,C/C,C/C,G/G,T/T,G/G,A/G,A/A,A/G,T/T,C/T,A/A,T/T,C/C,C/C,A/A,A/C,C/T,C/C,C/C,G/G,C/C,T/A,T/T,A/A,C/C,C/C,T/T,G/G,T/T,G/G,G/G,C/C,C/C,C/C,G/G,C/C,UND,T/T,-/-,T/T,G/G,T/T,G/G,G/G,A/-,CTT/CTT,T/T,G/G,A/A,C/C,C/C,UND,C/C,C/T,G/G,C/T,A/G,A/G,C/C,T/T,-/-,C/C,G/G,C/C,G/G,C/A,C/C,UND,G/G,C/C,A/G,G/G,A/A,C/T,,
2201979,C/C,A/G,A/G,T/T,A/A,G/G,A/A,A/G,A/A,C/C,T/G,G/G,G/G,C/T,T/T,C/C,T/T,C/C,C/C,A/A,G/G,T/T,G/G,T/T,A/G,A/A,G/G,G/G,G/G,C/C,A/A,C/C,C/C,G/G,C/C,C/C,A/C,C/C,G/A,C/C,G/G,A/G,A/A,A/G,T/T,C/T,A/A,T/T,C/C,C/C,A/G,A/C,C/T,C/C,C/C,G/G,C/C,A/A,T/T,A/A,A/C,C/C,T/T,G/A,T/T,G/G,G/G,C/C,C/C,C/T,G/G,C/C,UND,T/T,-/-,T/T,G/G,C/T,G/G,G/G,A/A,CTT/CTT,T/T,G/G,A/A,C/C,C/C,UND,C/T,C/C,C/G,C/T,A/G,G/G,C/C,T/T,-/-,C/C,G/G,C/C,G/G,A/A,C/C,UND,G/G,C/C,A/G,G/G,A/A,C/C,,
2211190,C/C,A/G,G/G,T/T,A/A,G/G,A/A,G/G,A/A,C/C,G/G,G/G,C/G,T/T,T/T,C/C,T/C,T/T,C/C,A/A,G/G,C/C,G/G,T/T,A/G,A/A,G/G,G/G,G/G,C/C,A/A,C/C,C/C,G/G,C/G,C/C,A/A,C/C,G/G,C/T,G/G,A/A,A/A,A/G,T/T,T/T,A/A,T/T,C/C,C/C,A/G,C/C,T/T,C/C,C/C,G/G,C/C,A/A,T/T,A/A,A/A,C/C,T/T,G/G,T/T,G/G,G/G,C/C,T/T,C/C,G/G,C/C,UND,T/T,-/-,T/T,G/G,C/T,A/G,G/G,A/A,CTT/-,T/T,A/G,A/A,C/C,C/C,UND,C/C,C/C,G/G,C/C,G/G,A/G,C/C,T/T,-/T,C/C,G/G,C/C,G/G,A/A,C/C,C/C,G/G,C/C,A/G,G/A,A/A,C/T,,
2307942,C/C,G/G,A/G,T/T,A/A,C/G,A/A,G/G,G/G,C/C,G/G,A/G,C/C,T/T,T/T,C/C,T/T,C/C,A/C,A/A,G/G,C/T,G/G,T/T,G/G,A/C,G/G,G/G,G/G,C/C,A/A,C/C,C/C,A/A,C/C,C/C,A/C,C/C,G/G,C/C,G/G,A/A,G/A,A/G,T/T,C/C,A/A,T/T,C/C,C/C,A/G,C/C,T/T,C/C,C/C,G/G,C/C,A/A,T/T,A/A,A/C,C/C,T/T,G/A,T/T,G/G,G/T,C/C,C/C,C/C,G/G,C/C,UND,T/T,-/-,T/T,G/G,T/T,A/G,G/G,A/A,CTT/CTT,T/T,G/G,A/A,C/C,C/C,UND,C/C,C/T,C/C,C/C,G/G,G/G,C/C,T/T,-/-,C/C,G/G,C/C,G/G,C/A,C/C,C/C,G/G,C/C,A/G,G/A,A/A,C/C,,
274_18,C/C,A/G,A/G,T/T,A/A,G/G,A/A,G/G,A/A,C/C,G/G,G/G,C/C,T/T,T/T,C/C,T/T,C/T,C/C,A/A,G/G,C/T,G/G,T/T,G/G,A/A,G/G,G/G,G/G,C/C,A/A,C/C,C/C,A/G,C/C,C/C,C/C,C/C,G/G,C/T,G/G,A/A,G/A,A/G,T/T,C/T,A/A,T/T,C/C,C/C,A/A,C/C,T/T,C/C,C/C,G/G,C/C,T/A,T/T,A/A,C/C,C/C,T/T,G/G,T/T,G/G,G/T,C/C,C/C,C/C,G/G,C/C,UND,T/T,-/-,T/T,G/G,T/T,A/A,G/G,A/A,CTT/-,T/T,G/G,A/A,C/C,C/C,UND,C/C,C/T,C/G,C/T,A/G,G/G,C/C,T/T,-/-,C/C,G/G,C/C,G/G,C/A,C/C,C/C,G/G,C/C,G/G,A/A,A/A,C/C,,
27_22,C/C,A/G,A/G,T/T,A/A,G/G,A/A,G/G,G/A,C/C,G/G,A/G,G/G,T/T,T/T,C/C,T/T,C/T,C/C,A/A,G/G,C/T,G/G,T/T,A/A,A/A,G/G,G/G,G/G,C/C,A/A,C/C,C/C,A/G,C/C,C/C,A/C,C/C,G/G,C/C,G/G,A/A,G/A,A/G,T/T,C/C,A/A,T/T,C/C,C/C,A/A,C/C,T/T,C/C,C/C,G/G,C/C,A/A,T/T,A/A,C/C,C/C,T/T,G/G,T/T,G/G,G/T,C/C,C/C,C/C,C/G,C/C,UND,T/T,-/-,T/T,G/G,T/T,G/G,G/G,A/A,CTT/CTT,T/T,G/G,A/A,C/C,C/C,UND,C/C,C/T,C/G,C/T,A/G,G/G,C/C,T/T,-/-,C/C,G/G,C/C,G/G,A/A,C/C,UND,G/G,C/C,G/G,G/G,A/A,C/T,,
37_18,C/C,A/G,A/G,C/T,A/A,C/G,A/A,G/G,A/A,A/C,G/G,A/G,C/C,T/T,T/T,C/C,T/T,C/C,A/A,G/A,A/G,C/C,G/G,T/T,G/G,A/C,G/G,G/G,G/G,C/T,A/A,C/C,C/G,G/G,C/G,C/C,A/C,C/C,G/G,C/C,G/G,A/A,G/A,G/G,T/T,C/T,A/A,T/T,C/C,C/C,A/A,C/C,T/T,C/C,C/C,G/G,C/C,T/A,T/T,A/A,C/C,C/C,T/T,G/G,T/T,G/G,G/T,C/T,C/C,C/C,C/G,C/C,UND,T/T,-/-,C/C,A/G,T/T,A/G,G/G,A/A,-/-,T/T,G/G,A/A,C/C,C/C,UND,C/C,T/T,C/C,C/C,G/G,G/G,C/C,T/T,-/-,C/C,G/G,C/C,G/G,C/A,C/C,C/C,G/G,C/C,A/G,G/G,A/A,T/T,,
706_22,C/C,G/G,A/G,T/T,A/A,G/G,A/A,G/G,A/A,C/C,G/G,G/G,C/C,T/T,T/T,C/C,T/T,C/T,C/C,G/A,A/G,C/C,G/G,T/T,G/G,A/C,G/G,G/G,G/G,C/C,A/A,C/C,C/C,G/G,C/C,C/C,A/A,C/C,G/G,C/T,G/T,A/A,G/A,A/G,T/T,NOAMP,A/A,T/T,C/C,C/C,A/G,C/C,T/T,C/C,C/C,G/G,C/C,T/A,T/T,A/A,A/C,C/T,T/T,G/G,T/T,G/G,G/T,C/C,C/C,C/C,C/G,C/C,UND,T/T,-/-,T/T,A/G,T/T,A/A,G/G,A/A,CTT/-,T/T,G/G,A/A,C/C,C/C,UND,C/C,T/T,G/G,C/T,A/G,G/G,C/C,T/T,-/-,C/C,G/G,C/C,G/G,C/A,C/C,C/C,G/G,C/C,A/G,G/G,A/A,C/C,,
ARR-10,C/C,G/G,A/G,T/T,A/A,G/G,A/A,A/G,A/A,C/C,G/G,A/G,G/G,T/T,T/T,C/C,T/T,C/C,C/C,A/A,G/G,C/C,G/G,T/T,A/G,A/A,UND,G/G,G/G,C/C,A/G,C/C,C/C,G/G,G/G,C/C,A/A,C/C,G/G,C/T,G/G,A/A,G/A,A/A,T/T,C/C,A/A,T/T,C/C,C/C,A/A,C/C,T/T,C/C,C/C,G/G,C/C,A/A,T/T,A/A,C/C,C/C,T/T,G/G,T/T,G/G,G/T,C/C,C/C,C/T,G/G,C/C,UND,T/T,-/-,T/T,G/G,T/T,A/G,G/G,A/A,CTT/CTT,T/T,A/A,A/A,C/C,C/C,UND,C/C,C/T,G/G,C/T,A/G,G/G,C/C,T/T,-/-,C/C,G/G,C/C,G/G,C/A,C/C,C/C,G/G,C/C,A/G,A/A,A/A,C/T,,
C-1,C/C,G/G,A/G,T/T,A/A,C/G,A/A,G/G,A/A,C/C,T/G,G/G,C/C,T/T,T/T,C/C,T/T,C/T,C/C,G/A,A/G,C/C,C/G,T/T,G/G,A/C,G/G,G/G,G/G,C/C,A/A,C/C,C/C,G/G,C/C,C/C,A/A,C/C,G/G,C/C,G/T,A/G,A/A,A/A,T/T,C/C,A/A,T/T,C/C,C/C,A/A,A/C,T/T,C/C,C/C,G/G,C/C,T/A,T/T,A/A,C/C,C/C,T/T,G/G,T/T,NOAMP,G/G,C/C,C/C,C/C,G/G,C/C,UND,T/T,-/-,T/T,A/G,T/T,A/G,G/G,A/-,CTT/CTT,T/T,G/G,A/A,C/C,C/C,UND,C/C,C/T,C/G,T/T,A/A,G/G,C/C,T/T,-/-,C/C,G/G,C/T,G/G,A/A,C/C,C/C,G/G,C/C,A/G,G/A,A/A,C/C,,
C-2,C/C,A/G,G/G,T/T,A/A,G/G,A/A,A/G,A/A,C/C,T/T,G/G,G/G,T/T,T/T,C/C,T/T,C/C,C/C,G/A,A/G,C/C,G/G,T/T,A/G,A/A,G/G,G/G,G/-,C/C,A/A,C/C,C/C,A/A,C/G,C/C,A/C,C/C,G/A,C/C,G/G,G/G,G/A,G/G,T/T,C/C,A/A,T/T,C/C,C/C,A/A,C/C,T/T,C/C,C/C,G/G,C/T,T/T,T/T,A/A,C/C,C/C,T/T,G/G,T/T,G/G,G/T,C/C,C/C,C/T,C/G,C/C,UND,T/T,-/-,T/T,A/A,C/C,A/A,G/G,A/A,CTT/CTT,T/T,G/G,A/A,C/C,C/C,UND,C/C,C/C,C/G,C/C,G/G,G/G,T/T,T/T,-/-,C/C,G/G,C/C,G/G,A/A,C/C,T/T,G/G,C/C,G/G,G/G,A/A,C/C,,
C-3,C/C,A/G,A/G,C/T,A/A,G/G,A/A,A/G,G/A,C/C,T/G,G/G,C/G,T/T,T/T,C/C,T/T,C/C,A/C,G/A,A/G,C/T,G/G,T/T,G/G,A/C,UND,G/G,G/G,C/T,A/A,C/C,C/C,A/G,C/C,C/C,C/C,C/C,G/G,C/C,G/G,A/G,A/A,A/G,T/T,C/T,A/A,T/T,C/C,C/C,UND,A/C,T/T,C/C,C/C,G/G,C/C,A/A,NOAMP,A/A,A/C,C/C,T/T,G/G,T/-,G/G,G/G,C/C,C/C,C/T,G/G,C/C,UND,T/T,-/-,C/T,A/G,T/T,A/G,G/G,A/A,CTT/CTT,T/T,G/G,A/A,C/C,C/C,UND,UND,C/T,C/G,C/T,A/G,A/G,C/C,T/T,-/-,C/C,G/G,C/C,UND,A/A,C/C,C/C,G/G,C/C,G/G,G/A,A/A,C/T,,
C-4,C/C,G/G,A/G,T/T,C/A,G/G,A/A,G/G,A/A,C/C,G/G,A/G,C/G,T/T,T/T,C/C,T/T,C/C,C/C,A/A,G/G,C/T,G/G,T/T,A/G,A/A,UND,G/G,G/G,C/C,A/A,C/C,C/C,A/G,C/G,C/C,C/C,C/C,G/G,C/C,G/G,A/A,A/A,A/A,NOAMP,C/C,A/A,T/T,C/C,C/C,A/A,C/C,T/T,C/C,C/C,G/G,C/C,UND,T/T,A/A,C/C,C/C,T/T,G/G,T/T,G/G,G/G,C/C,C/C,C/C,G/G,C/C,UND,T/T,-/-,T/T,G/G,C/T,G/G,G/G,A/A,CTT/CTT,T/T,A/G,A/A,C/C,C/C,UND,C/C,T/T,C/C,C/T,A/G,G/G,C/C,T/T,-/-,C/C,G/G,C/C,G/G,A/A,C/T,C/C,G/G,C/C,G/G,G/G,A/A,T/T,,
C-5,C/C,A/G,G/G,T/T,A/A,G/G,A/A,G/G,A/A,C/C,T/G,G/G,C/C,T/T,T/T,C/C,T/T,C/C,C/C,A/A,G/G,T/T,G/G,T/T,G/G,A/A,G/G,G/G,G/G,C/T,A/A,C/C,C/C,G/G,C/G,C/C,A/C,C/C,G/G,C/T,G/G,A/G,A/A,A/A,T/T,C/T,A/A,T/T,C/C,C/C,A/G,A/C,T/T,C/C,C/C,G/G,C/C,A/A,T/T,A/A,A/C,C/C,T/T,G/G,T/T,G/G,G/G,C/C,T/T,C/C,G/G,C/C,UND,T/T,-/-,T/T,G/G,C/T,A/A,G/G,A/A,CTT/-,T/T,A/G,A/A,C/T,C/C,UND,C/C,C/C,C/G,C/C,G/G,G/G,C/C,T/T,-/-,C/C,G/G,T/T,G/C,A/A,C/C,C/C,G/G,C/C,A/G,G/G,A/A,C/T,,
C-9,C/C,A/A,A/G,T/T,A/A,G/G,A/A,A/A,A/A,C/C,T/G,A/G,G/G,T/T,T/T,C/C,T/T,C/T,C/C,A/A,G/G,C/C,G/G,T/T,G/G,A/A,G/G,G/G,G/G,C/C,A/G,C/C,C/C,G/G,G/G,C/C,A/A,C/C,G/A,C/T,G/G,A/G,G/A,A/G,T/T,C/C,A/A,T/T,C/C,C/C,A/A,A/C,T/T,C/C,C/C,G/G,C/C,T/A,T/T,A/A,C/C,C/C,T/T,G/G,T/T,G/G,G/T,C/T,C/T,C/C,G/G,C/C,UND,T/T,-/-,C/T,G/G,T/T,G/G,A/G,A/A,CTT/CTT,T/T,A/A,A/A,C/C,C/C,UND,C/C,C/T,C/G,C/T,A/G,G/G,C/C,T/T,-/-,C/C,G/G,C/C,G/G,C/A,C/C,C/C,G/G,C/C,G/G,G/G,A/A,T/T,,
C1-10/I,C/C,A/G,A/G,T/T,A/A,G/G,A/A,G/G,A/A,C/C,T/G,A/G,C/G,T/T,T/T,C/C,T/T,T/T,C/C,A/A,G/G,C/T,C/G,T/T,A/G,A/A,G/G,G/G,G/G,C/C,A/A,C/C,C/C,A/G,C/G,C/C,A/A,C/C,G/G,C/T,G/G,A/G,A/A,A/G,T/T,C/T,A/A,T/T,C/C,C/C,A/G,A/C,T/T,C/C,C/C,G/G,C/C,T/A,T/T,A/A,A/C,C/C,T/T,G/G,T/T,G/G,G/G,C/C,C/C,C/C,G/G,C/T,UND,T/T,-/-,C/T,G/G,T/T,A/G,G/G,A/A,CTT/CTT,T/T,A/G,A/A,C/C,C/C,UND,C/C,C/T,C/C,C/C,G/G,G/G,C/C,T/T,-/-,C/C,G/G,C/C,G/G,C/A,C/T,C/C,G/G,C/C,A/A,G/A,A/A,C/C,,
C2-11/J,C/C,G/G,A/G,T/T,A/A,G/G,A/A,A/A,A/A,C/C,G/G,G/G,G/G,T/T,T/T,C/C,T/T,C/C,C/C,A/A,G/G,C/T,G/G,T/T,G/G,A/A,G/G,G/G,NOAMP,C/C,A/A,C/C,C/C,G/G,C/C,C/C,A/A,C/C,G/G,T/T,G/G,A/A,G/A,A/G,T/T,T/T,A/A,T/T,C/C,C/C,A/A,C/C,T/T,C/C,C/C,G/G,C/C,T/A,T/T,A/A,C/C,C/T,T/T,G/A,T/T,G/G,G/T,C/C,C/C,T/T,C/G,C/C,UND,T/T,-/-,T/T,G/G,T/T,A/G,G/G,A/A,CTT/CTT,T/T,G/G,A/A,C/C,C/C,UND,C/C,C/T,C/C,T/T,A/A,G/G,C/C,A/T,-/-,C/C,G/G,C/C,G/G,A/A,C/C,C/C,NOAMP,C/C,G/G,G/G,A/A,C/T,,
C2-9/H,C/C,A/A,A/G,T/T,A/A,G/G,A/T,G/G,G/A,C/C,G/G,A/G,C/G,T/T,T/T,C/C,T/T,C/C,A/C,A/A,G/G,C/T,G/G,T/T,A/G,A/A,G/G,G/G,G/G,C/C,A/G,C/C,C/C,A/G,C/G,C/C,A/C,C/C,G/G,C/C,G/G,A/A,A/A,A/G,T/T,C/T,A/A,T/T,C/C,C/C,A/A,C/C,T/T,C/C,C/C,G/G,C/C,T/A,T/T,A/A,C/C,C/C,T/T,G/G,T/T,G/G,G/G,C/T,C/C,C/C,G/G,C/C,UND,T/T,-/-,C/T,G/G,T/T,A/G,G/G,A/A,CTT/CTT,T/T,A/G,A/C,C/C,C/C,UND,C/C,C/T,G/G,C/T,A/G,G/G,C/C,T/T,-/-,C/C,G/G,C/C,G/G,C/A,C/T,C/C,G/G,C/C,A/G,G/G,A/A,C/T,,
DNA CONTROL,C/C,A/A,G/G,T/T,A/A,G/G,A/A,A/G,A/A,A/A,T/G,G/G,C/G,T/T,A/T,C/C,T/T,C/T,C/C,G/A,A/G,C/T,G/G,T/T,G/G,A/A,G/G,G/G,G/-,C/C,A/A,C/C,C/C,G/G,G/G,C/C,A/C,C/C,G/A,C/C,G/G,A/G,A/A,A/A,T/T,C/C,A/A,T/T,C/C,C/C,A/A,A/C,C/C,C/C,C/C,G/G,C/C,T/T,T/T,A/A,C/C,C/C,T/T,G/G,T/T,G/G,G/G,C/C,C/C,C/C,G/G,C/C,UND,T/T,-/-,T/T,A/G,C/C,G/G,G/G,A/A,CTT/CTT,T/T,G/G,A/A,C/C,C/C,C/G,C/C,C/C,C/G,C/T,A/G,A/G,C/C,T/T,-/-,C/C,G/G,C/C,G/G,C/A,C/C,T/T,G/G,C/C,G/G,G/A,A/A,C/C,,
